Batch,Cat_Charge,Cat_MW,Cat_VdW,Cat_Rad_Gyr,Cat_Diameter,Cat_Len_x,Cat_Len_y,Cat_Len_z,Cat_MPP,Cat_SDP,An_Charge,Anion_Ox_Num,An_MW,An_VdW,An_Rad_Gyr,An_Diameter,An_Len_x,An_Len_y,An_Len_z,An_MPP,An_SDP,Latt_MW,Latt_a,Latt_b,Latt_c,Latt_alph,Latt_beta,Latt_gam,Latt_Vol,Latt_Voids,Latt_SAV,Latt_Cat_Hir_Vol,Latt_Cat_Hir_Area,Latt_Cat_Hir_Glob,Latt_Cat_Hir_Asph,Latt_An_Hir_Vol,Latt_An_Hir_Area,Latt_An_Hir_Glob,Latt_An_Hir_Asph,V-N Dist (4),Cat_MW_RDKit,Cat_TPSA,Cat_HBD,Cat_HBA,Cat_RotBonds,An_MW_RDKit,An_TPSA,An_HBD,An_HBA,An_RotBonds
0.001900181154967551,0.0,-0.0064509400329884475,0.03594508631750925,0.024936287153374953,2.9400922906266573,0.8540910459772474,0.24882163882281308,-1.8797161856913542,0.2351285436633163,-0.009174135659389527,0.3656478077206249,0.3647805001234451,0.0,0.17622227025231363,0.4012711997137321,0.3420293635422108,0.31250013960704814,0.040599818943727925,0.17961359355299478,0.24323881453061375,0.366722258855986,0.16996741616631544,-0.014156982134112053,-0.12557043521419928,0.09901279008486341,0.039327117508236975,0.5239229003273996,0.2585492246286681,1.2729757901679877,-0.3609897691568664,-0.4590694787538941,0.10187279907461344,0.07794448081437945,0.016286012762057215,-0.17557402886717746,-0.09287926680103052,-0.13381652948603667,-0.01672572654899859,0.009864084547242502,-0.6530880994298598,6.978827988542808e-05,7.119376020003619e-05,0.0,-0.0002630397711152739,-0.0005189600293012402,0.0,0.3475764596693352,0.0,0.33932066243647063,0.21331334174753963
-0.01012085559697819,0.0,0.008450440143361637,0.03888811189701477,-0.02934218510494751,-0.5371565530240032,-0.3104990495786733,0.008588121807383633,-1.6516314589778156,0.16622104562229462,0.16857154057947116,-0.3028264055049655,-0.23918044350697168,0.0,-0.1460821494053433,-0.28488478071047457,-0.2454200191487722,-0.23386498732306643,-0.05035791171072172,-0.17764777666352136,-0.26895563859341165,-0.26749021489123675,-0.11934936096035521,-0.09796698949972402,-0.16686782085214477,-0.07159197492442579,0.0015465016899042746,-0.2743413871820433,0.011541009888129034,-0.9388702248837016,-2.6503853379390865,-0.1372881900119476,-0.017500402511341984,0.026056389095322836,0.06000976664021404,-0.24656913213516304,-0.16333766011983533,-0.07016759406569086,-0.05605219211256529,-0.00828300784223121,-0.09024606768504638,-0.000904781769555895,0.001804264156450948,0.0,-0.0007741085190511044,-0.0031134898821603006,0.0,-0.2849060365445948,0.0,-0.25485515587289825,-0.13799197429303292
-0.0039648768516299835,0.0,0.01870443577466217,0.007990163478306406,-0.04335186488801368,-0.7428793328485157,0.4355012878827858,0.10311019312665126,-1.3607301276605126,0.17518611891056396,0.3678058448199314,0.4900628071544735,0.41382796135372113,0.0,0.24786790500701616,0.43269629122694836,0.3809768345489522,0.27512068550439955,0.05525539439733885,0.28251529077921833,0.34883860850487763,0.3685894984962787,-0.09442946864191114,-0.27331777483497605,-0.21222298258718322,-0.05736817778899182,-0.0011054243362532139,-0.1844203372398775,-0.08849754340744227,-0.7894000505965459,-2.7186498329820186,-0.4335697114251002,-0.05446174559149956,0.01769839799235988,-0.019327296347142607,-0.1746125006147074,-0.15622242599761435,-0.22666803609796968,-0.04063236776436123,-0.01285819052680788,0.49742859159940944,0.0023668889783689377,-0.00015130375061579628,0.0,0.0017783082759543188,0.007099456507074821,0.0,0.4103635139283921,0.0,0.43771135944389583,0.2009640495481625
-0.00946366263935295,0.0,-0.017281193812285787,0.004426032584485987,-0.13151515980372325,-1.7446636630305066,1.5000960220695916,0.037236725644291827,-1.0101770242302142,0.434423472145378,-0.1265433832496894,0.29780097153372587,0.18691017969575788,0.0,0.1513694014128452,0.22905128115359066,0.2467160029461855,0.2098725682455285,0.03480210332072863,0.15734937075674438,0.2192829631665452,0.23971593821057435,-0.06717216006615682,0.9176876657434624,-0.33269671911972504,-0.2640308835827701,0.0930027657789833,0.3991008322660078,-0.05127153038716117,1.1070607566001527,5.5670032939073995,0.36411321672760066,0.04194411666874452,0.02366468564006485,0.0419438133597037,-0.18213906123521836,0.3294887369342981,0.334595501159765,0.015940612174003353,0.044370984903107036,-0.2511452229239087,1.7258999468319335e-05,5.117118428747718e-05,0.0,-0.00010702320447154959,-0.00023529580701631408,0.0,0.2227074349227031,0.0,0.22297340836439236,0.11058050760333955
-0.00019780051967253012,0.0,-0.0027405308803791326,0.013572113177976552,-0.08004718606971026,1.5443950003421265,-0.10080157366846176,0.04478519538518485,1.6148128394434458,-0.09587915775036579,-0.2663138748007724,-0.3115219763826338,-0.2336561058013866,0.0,-0.1733810636403953,-0.41261211113029606,-0.2747970573172983,-0.26389704648263246,-0.032084202240891924,-0.19588536878625648,-0.2579513946511787,-0.25423720250419446,-0.046675017182270545,-0.1469546728927515,-0.19252267166721812,0.022865340698492373,0.016581592585283807,-0.18401298412389744,0.09067879086856359,-1.2213170748272577,-2.8334409532603186,-0.1481340249663005,0.013741670649146956,0.03287176302592451,0.010261525573367044,-0.18277478136428035,-0.173357031157638,-0.047856898254842684,-0.060579244396006746,0.0013920440066009648,0.09907675421534407,-0.00014811492009045876,7.539002155368797e-05,0.0,-0.00024004311779817107,-0.0008790251617838803,0.0,-0.33067864613690934,0.0,-0.28848137604560764,-0.14926651403231533
0.002061966263621037,0.0,0.015657795180195583,0.031273984653170224,-0.013973915980954668,-0.5850139222999559,0.0721921198572108,0.024152599271203654,-1.4555534820728284,0.17590230958198952,0.05307339464458951,-0.34333369473385955,-0.24167671909118002,0.0,-0.15487346595918908,-0.3515513498072111,-0.2926408358055376,-0.20730938939899823,-0.039135158585267726,-0.1989031784642201,-0.26868590069115106,-0.2457831572794966,-0.10329441112324442,-0.0405277739189916,-0.14726647275557841,-0.04392910244565602,0.057051377803666724,-0.1233096854554433,0.08923272497483781,-0.8627869490468822,-2.5180150054172237,-0.1504072582974431,0.02992837558910958,0.019042344407187318,0.0535949026756497,-0.204291596774089,-0.13178879491747922,-0.033150781000501506,-0.06715410377548962,-0.04436658291339672,0.13268279204528585,0.0002310933711144273,0.00023883542083325145,0.0,-0.00031908354198096787,-0.002029284428866331,0.0,-0.2700488796877225,0.0,-0.27185033295607103,-0.14607276418682869
0.0012039604609495058,0.0,0.015326395013636602,0.03448263253300182,-0.02697266458180004,-0.582218184859138,0.05460655340632948,0.06092835111090443,-1.3342451443164163,0.04811225657484229,0.1168388218150254,-0.3847457407433723,-0.24980627075477332,0.0,-0.1572234783750733,-0.3455516487773238,-0.3099772260556294,-0.24212539870634647,-0.056855842961789964,-0.2242263658831977,-0.3005164425564425,-0.2778355961593339,-0.0931565229060829,-0.05359011984616873,-0.25632453231293567,-0.07345357534366286,-0.13093952611943005,-0.23548222058706142,0.13689116329359644,-0.9369928459016542,-2.452958491015627,-0.017143971104464903,0.015194668663395116,0.04496964026928018,-0.017869895471163123,-0.20888118090983704,-0.044286324233279425,0.03403510354728343,-0.07554266233292618,-0.0611417506972487,0.09663445239448187,-2.813683511459933e-05,9.585260363775242e-05,0.0,-0.00041370374915090946,-0.0020281483544484077,0.0,-0.33260622588617667,0.0,-0.29619090401393094,-0.16928127435199283
0.0015771212226317766,0.0,-0.029857668714342082,-0.02700074703483613,0.1647498110700473,1.679783867963958,1.3675330144599722,0.03917474334827106,16.465399985947432,0.1954002381625731,1.4316737480841544,0.21843547501669439,0.16621452294442485,0.0,0.12362362435565714,0.2947353021500241,0.34387012163397307,0.15246681367842047,0.08402209575636535,0.23713759184731678,0.19537207121857297,0.1811213737667294,0.3511396693100766,-0.46590039163297253,0.268721561759257,-0.05464184248579797,0.3472420546874153,-1.6786289256055291,0.20883966351872976,1.6104533920981607,7.008281700447647,0.3447611054615528,0.07022530667234837,-0.07763113637728689,-0.04125121664956051,-0.08968786314946513,0.03584645173861322,0.22495438919833216,-0.13026575154169634,0.014636269046808049,0.4790653386410787,-3.3705309452916556e-06,3.942117154320381e-05,0.0,-0.00014493827207524563,-0.00024929344382662724,0.0,0.22229845139164098,0.0,0.18876256393938504,0.1052071169924856
0.0012112787127489357,0.0,-0.02303930801921694,0.031187692741025327,-0.017744219119223043,0.6298966499038909,-0.051137611060659845,0.14653262903098044,-1.5519745486037229,-0.04330914962268136,-0.09432744826411893,-0.32616445446104575,-0.27023126912121026,0.0,-0.16934280712155342,-0.2669421444073905,-0.27421498985548765,-0.20263824649433404,-0.07462022401692614,-0.20818820671767355,-0.31779385719903563,-0.27564921981247426,-0.10471061348107215,0.007330021744006671,-0.2591909883818061,-0.04723319808970531,-0.22251541174034326,-0.14200002558512445,0.08076116800276054,-0.1740244862122345,-0.15255285067327798,0.2494585264519715,0.009060882912955752,0.047983717420160735,0.0024061318239627667,-0.20962595579043758,0.7326495526047587,0.1225061218657798,0.035386393208676904,-0.05108111095756561,0.6263183935945013,-6.019779269262856e-05,8.352280610959243e-05,0.0,-0.000559065957558405,-0.0007310238274263379,0.0,-0.2737867672088563,0.0,-0.30934127711579307,-0.1581720408853698
-0.0038550308668871608,0.0,0.043849431555972374,0.03422292666184336,-0.053606682070425266,-1.3875762567250616,-0.4784052138375977,0.24088174395129558,-1.7794372101097868,0.25842673260208043,1.0176480291577135,0.32781568545846024,0.22900347236276106,0.0,0.16943979226501593,0.2857960976269859,0.28379116170471896,0.24308875275193553,0.042755860631361706,0.19621862219746586,0.29813993845334796,0.28375285794587335,0.22992362366946892,-0.06425760602229796,0.4217074114368799,0.16032687124445735,0.018749640783669527,-0.23858120784716386,-0.26501837011460033,1.1912118101763585,4.805980786021964,0.4563740140923711,0.025949625265744517,0.06920050982258816,-0.008162571539898786,-0.17559321648267362,-0.20612622068932065,-0.1617704789694705,0.07724715711921781,-0.032367877675322086,-0.19794085174913015,-5.699450608379986e-05,7.623180512445404e-05,0.0,-0.00020638665416294037,-0.000363922444217563,0.0,0.26482618901551125,0.0,0.29827059327655486,0.1340604001179694
0.001831661281685451,0.0,-0.0074336221820060396,0.022655621612270686,-0.06592203369359467,-0.5816944195472096,0.5723065474473994,0.021528659078120464,-1.2555780107141719,0.12275933204808617,-0.07569135959601161,-0.31248599011006395,-0.22788438363139454,0.0,-0.14323297141899038,-0.31444551204200066,-0.2619132771308253,-0.19559147814873787,-0.045644855758559026,-0.18761899581825242,-0.25221822627759516,-0.2346645186763749,-0.0699477459348554,-0.04977618285608928,-0.15012763691550435,0.024841797723736517,0.07618273760754281,0.024256506999400927,0.07471305842595369,-0.9227540128952422,-2.743724836678829,-0.15990048126832757,-0.024405791598215775,-0.0035121998514248314,0.03776170362062459,-0.20608916684718548,-0.14665777916227316,-0.07422301103328137,0.07181808161090582,-0.035659852985097516,0.18129840563241156,-0.00013135405784848645,0.0003472613241736614,0.0,-0.0013388115073869051,-0.0022660558984345276,0.0,-0.2509633403200171,0.0,-0.2491556026755796,-0.1264735133234889
0.0009233360270567308,0.0,0.01150271177210114,0.036598805925589256,-0.034639401280484,-0.5360309781053958,-0.31041084963024046,0.14194035577885938,-1.730822939307154,0.0503965932168932,0.23883422281272432,-0.3438494342363954,-0.29729884454666133,0.0,-0.17127267734321397,-0.3729462373093505,-0.3203996934742266,-0.23469320156335358,-0.034446918818831655,-0.2031515260876705,-0.3144761669273897,-0.28594299776720794,-0.08980208841809738,-0.04821951910013806,-0.2455017029009877,-0.008269413211096654,-0.04302829377561782,-0.12343276825224378,0.051394102542791344,-0.840549370752789,-2.4687648328687475,-0.1463286306436936,0.014081810934652663,0.0023559607521108595,0.06296635143763428,-0.20661727162089824,-0.16277339068967572,-0.044308189575735006,-0.0021629059658520196,0.020185983341664097,0.14883491362522616,-0.0010534982264397707,0.0002709274144483733,0.0,-0.0015941121844475223,-0.0028066254766527673,0.0,-0.31262698793123367,0.0,-0.30351312527567337,-0.16776512316107506
-0.010061800670574054,0.0,0.02362235177286595,0.026665018438516992,-0.047401699106695575,-0.5189232012801221,0.5748454372102552,0.21341360401024478,-1.6885555245468737,0.16320597280345894,0.4614436640026373,-0.2977194922713237,-0.2493631684296874,0.0,-0.1435321522306303,-0.28268369367744595,-0.24262655145829665,-0.21815384292147755,-0.031114801461687932,-0.17778877426861728,-0.2430009109644761,-0.24714793888234338,-0.0533511261402437,-0.09989562929850465,-0.1828598815293029,-0.03483499181752314,0.009741144442025418,-0.23154818308300076,0.051120991443122085,-0.9702893867549215,-2.9624786714467253,0.01744491810742273,0.02003749252659669,0.014533325243820481,0.05399501532537603,-0.18808106756678072,-0.11005016924359355,-0.01987843619437528,-0.06366669602650143,-0.051618260071389074,-0.06720366265579904,0.011875175230794184,0.0011609369287766801,0.0,-0.0013482987010931206,0.018746754395104422,0.0,-0.28861384136114093,0.0,-0.2585808731930092,-0.1378308065262621
0.0030083462809717635,0.0,0.0040754299011423615,0.023931679045803796,-0.04344019235672859,-0.6070585960901054,-0.301779428457798,0.024962403171899294,-1.7499257254494662,0.06300273923012842,-0.11061754346601127,-0.3446267238057921,-0.27764526498928416,0.0,-0.16833567190348464,-0.38185002196873397,-0.3153372087966031,-0.2453775929352299,-0.0824938811127181,-0.22533868064426088,-0.3292699901195308,-0.3053107115859139,-0.07019655870406516,-0.030787026730448214,-0.29159250787718355,-0.11514915228050435,-0.15831405907620688,-0.20553512464838883,0.09172770953977502,-0.9467704921635091,-1.7940737179081696,-0.0033970067569015806,0.013059369323258158,0.01215227620548223,0.06522719721320175,-0.21333998190046885,0.06280921000842699,0.06480685938882917,-0.05655498571884372,-0.069099486888321,0.1664372605873866,-0.0005818552754027603,6.735168334600749e-05,0.0,-0.0002710761112692639,-0.0026024723434061054,0.0,-0.3133042797044707,0.0,-0.27929880729496526,-0.186946566628561
0.000262842204686503,0.0,0.016587141257203508,0.04047985678182494,-0.02512449430559654,-0.5332710846455327,-0.1350015141936174,0.047955036914169843,-1.7995386461053755,0.16724123503447882,0.4342151205562339,-0.3147665069103367,-0.24434168101132822,0.0,-0.14650758465066263,-0.3567010677153998,-0.27721008415908477,-0.21128521906553369,-0.04040479453274085,-0.2049221016299268,-0.2700962669199947,-0.25718901914034065,-0.10753423684168695,0.061311057641191255,-0.15923627708661311,-0.01458143671073415,0.0702494078314174,-0.13664451300021757,0.07348981834159107,-0.9180082878886842,-2.924702444422739,-0.2164834467174484,-0.037534938130478375,0.025128268625218136,0.09026750412938636,-0.21715557661151924,-0.1366380253390575,-0.10402826231823634,-0.039770171375560055,-0.008829465971107398,0.15036171166842535,0.00020172393151774186,0.001804264156450948,0.0,-0.00031908354198096787,-0.002632956663557984,0.0,-0.27827086931973843,0.0,-0.2601623004325634,-0.14092019896336697
0.0006185368923939773,0.0,-0.006298574937921864,-0.07026023726164089,0.18617595618460242,1.9645317116629255,0.5787659398023695,0.14992180762159657,-0.03042661498152502,-0.7788503579794765,-0.12194811023684073,-0.3044962560518119,-0.16176682261527076,0.0,-0.1495402100394669,-0.2532623931578392,-0.25938405245890384,-0.22982803385884504,-0.06906848011178236,-0.19937298965357075,-0.3029397164557925,-0.2818790762723298,-0.0670582755375948,-0.2086909045416921,-0.11643743841582409,0.01311627738197028,-0.22811163023309458,-0.2711467380682658,0.05045322197464986,1.007133972253293,2.752241829529365,0.2517715258535189,-0.052958326490920575,0.09735777777672883,0.19572837277553243,-0.13322419699073107,0.9359402942765764,0.21101187208573566,-0.05137554303077994,-0.05205186827777561,1.3699821377203825,-0.00010298649429596627,5.262370042197545e-05,0.0,-0.0003202284497808108,-0.00040041101891252247,0.0,-0.3096700262111611,0.0,-0.2260107722955958,-0.14083876342507431
-0.0078044117029760374,0.0,0.027614042921883103,0.04411602732712433,-0.037285800324327024,-1.37522786023542,-0.3994750440092697,0.14768859190943923,-1.8060847221479153,-1.3704291810278169,-0.4476456220615726,0.2839264529302604,0.21972421498303127,0.0,0.1923510559365591,0.2736198446214641,0.23483666486456015,0.23422140449789566,0.037112915265435024,0.19690952998989844,0.25580332017670376,0.23300646244222928,0.09999425213351368,-0.32178292166427547,-0.0069411565949071405,0.08217241236674656,0.0690143701542523,-0.2331505763698607,-0.23024579108239604,0.8493210726208172,2.7449709834235416,0.09992715601615836,0.04028453141548237,0.0535886551670644,0.07505970494914767,-0.16385092728377246,-0.27366458162402335,-0.2882466125264091,-0.03321168266654554,-0.016311161784958318,-0.2530670842960975,-1.9554792519456713e-05,6.941882418107977e-05,0.0,-0.00020638665416294037,-0.000367951616294338,0.0,0.22852117596475335,0.0,0.2515502755533253,0.11158338429995017
0.0002314739175121904,0.0,0.015630506330698242,0.030824461518840253,-0.022800321782325952,-0.5603279619663396,-0.31885246229403047,0.04366454012528993,-1.6826908519976371,0.08484425333193236,-0.05972260995450615,-0.31161447292193883,-0.26982747523847606,0.0,-0.16895000989319098,-0.36663681379090257,-0.3008290191021487,-0.21012357708185292,-0.04328012075087339,-0.2012422882381329,-0.27039825546887586,-0.2567932688830759,-0.06884875562474664,-0.048628701409599524,-0.14486942283041188,-0.05642513584878945,0.050813100379864626,-0.12836924068429825,0.12605233405768942,-0.8793259525417649,-2.3943623131960003,-0.12325196000174006,0.01314923122735259,0.005508954670552134,0.06372400996880594,-0.214854606606796,-0.14091662124661103,-0.04072264197504811,-0.06085543201251174,-0.05794482968947723,0.11452085545725744,-0.0010523774992320235,0.00021825690524673435,0.0,-0.00031908354198096787,-0.0026745748885447303,0.0,-0.2823406754394723,0.0,-0.29545353135152574,-0.13558262020756134
0.0018821245729275984,0.0,-0.016145363429805413,0.009552572876936664,-0.11314989092969005,0.7063906642556675,0.498810923475458,0.0008716460066241429,-0.4533762379193007,0.10983066294726493,-0.09099377920577377,-0.3289128187501438,-0.23441786645689813,0.0,-0.12489872080562145,-0.2936040284432424,-0.23875671407141622,-0.17648991491590293,-0.033607945651835607,-0.17359098424230981,-0.25020604839098054,-0.2123725046217375,-0.06940649636240132,-0.06423488354840283,-0.21751330105279337,0.16261294562219272,0.030182080255062083,-0.038115671099709,0.08688673790598253,-0.9848948049181403,-2.9149436339288233,-0.08599270176091729,-0.010919398148650108,0.0033144680379648818,0.015114327108794161,-0.19904921454459065,0.10094582170259382,-0.0544992206784286,0.0740333887390348,-0.038733902953828135,0.13273543159209988,-8.088046134359882e-05,4.316637259864581e-05,0.0,-0.00026898248962461935,-0.0008969078260985414,0.0,-0.26436565277277013,0.0,-0.22354020147361206,-0.14062311453174534
-0.004747684292795772,0.0,0.022775229066366663,0.0369729582606812,-0.07187182324407809,-1.4794540323550163,-0.5200812816129364,0.20408982222402083,-2.206412221635499,0.43662476195941297,-0.05383203475115988,0.27779370956833027,0.2193729553081717,0.0,0.14105144466700612,0.25248626614280606,0.27596224586257156,0.2059944635400766,0.03824649136871898,0.1671005225895905,0.2500609473915975,0.2828497020847765,0.14713211093937212,-0.1696287166770859,-0.25997317750763893,-0.44122206364757094,-0.03410872518395143,0.43345252761803504,-0.1626495148223736,1.0976412779879976,4.2373757278789475,0.4813199013249338,0.058759190679013036,0.06007045109304023,0.03768864612495024,-0.13916258010063212,0.5356467025229804,0.3968800219014995,0.021514591511351853,0.05362934113076073,-0.21660036384163617,-8.11219088451186e-05,3.668493980529713e-05,0.0,-0.000182851785701943,-0.000365643529706748,0.0,0.2529128178333004,0.0,0.2566355276492888,0.11559884593434376
0.0029902477340247144,0.0,0.0069859025266340215,0.035512097610214656,-0.02081104483674922,-0.5787856064564317,0.5544926052953625,0.018513617388422155,-1.4954020832380988,0.1583363664379248,-0.08295959576980745,-0.3326898351971265,-0.23493873346528668,0.0,-0.14871373161669355,-0.3239961200345951,-0.26343602915815845,-0.20052797808966533,-0.03971419917096907,-0.1956699133078322,-0.24973922916903787,-0.22777479478296891,-0.0749780303163083,-0.05352094547566003,-0.14355264352994793,-0.051992464282701385,0.05853039645116309,0.003084403604843113,0.1146222614618588,-0.9084017301691322,-2.7684387067664247,-0.155642850268384,-0.029461145978482397,0.008526485864648431,0.04429757584495215,-0.20447682545422735,-0.08075017729529983,-0.019641614250750925,-0.07542835680111114,-0.015455461232129517,0.10760884131001734,0.0001883925243734984,0.00016168052906616478,0.0,-0.00031908354198096787,-0.0015462206001979144,0.0,-0.25146422296683907,0.0,-0.26108543885238933,-0.12773234225497956
-0.0024419578875546155,0.0,0.010842707068600884,0.012274055848300594,-0.008453324042416393,-0.654011408601754,-0.09579582785591315,0.10491452398976137,-1.5887341328090083,0.16812528348894654,0.3522970601065375,0.4279047159418363,0.38379592544077124,0.0,0.21601434532443417,0.4204710157394847,0.3954197023359507,0.2726663466380352,0.04907053206835876,0.21805753858690646,0.35594551294690224,0.3775767866946356,-0.08241102504263997,-0.05414378584007665,-0.14261117427165065,0.029280082201707892,-0.04981397663993615,-0.18948896884070843,0.19277343751910098,-0.6987174449507261,-2.603987542493223,-0.11299366146213664,-0.050133707647806315,0.02016068954879064,0.009020529349671048,-0.1048758302535819,-0.40797248708475553,-0.23405589093931067,0.12930234611671237,0.006183074396371482,-0.24389329027863427,2.9064256253385568e-05,0.00038818541676505474,0.0,-0.0004129695149668576,-0.0011532239248184194,0.0,0.38988556703190713,0.0,0.40453143222774024,0.2121236558715158
0.00184075383340047,0.0,-0.03003301382388988,0.01599656057387193,0.19935251596623185,3.051181614769776,0.7511844095942047,0.27462652923685044,-0.22946070743486624,-1.3817162812461607,-0.2420365324856222,0.3435244332208688,0.20632445882155973,0.0,0.16320670097213036,0.34054324051874674,0.2642330211185722,0.2674885828559592,0.03424651822300671,0.24417653600991066,0.22753769525685635,0.3125676598499132,0.06764469875738768,-0.42074827827862593,0.1645275506643552,-0.08611529840367464,-0.26867062246190637,-0.19986323640709627,-0.2723243467769723,1.4458003493427958,4.2097000927899,0.30537392590763196,-0.04688063734322308,0.15379599788433718,0.03529074052446472,-0.11106895229655576,-0.0903494179471157,-0.13240920607580314,-0.12490349519557624,-0.0567528294406364,0.47789990708133956,-2.516484548441004e-05,4.366118346344172e-05,0.0,-0.00015027674538470423,-0.00029801591335047766,0.0,0.31847123234422026,0.0,0.2465200245367725,0.145855112521727
0.004087898665819687,0.0,0.01397466461659123,0.018675057707104134,-0.05599239908450046,1.593059957859859,-0.047008498407061214,0.15663239204839016,-1.450162349939436,0.07272573043374003,-0.06545644191303329,-0.34662922348195796,-0.29935159888882396,0.0,-0.1524775838376039,-0.34022246950926704,-0.282697421185071,-0.23485274497953756,-0.07219644482611762,-0.1819613408045725,-0.2787212845724998,-0.3119824501441942,-0.057223330349288094,0.14014627290945514,-0.25207943036303043,0.24598351956290546,-0.10160034549556943,-0.13709560055729383,-0.06204927654972949,-0.8765407694216295,-1.7146679248167491,0.08688322714141056,0.018178465784224294,0.05193648724735533,0.04467539297541516,-0.20492175778030217,0.43074597450643465,0.1365958924527247,-0.025279416964653675,0.013288702948464761,0.20735402223553506,-0.00012845422973071618,5.262370042197564e-05,0.0,-0.0004079319363899892,-0.0015579383662744717,0.0,-0.4227347075850962,0.0,-0.3223389035798801,-0.16293524260318196
0.003004652751368556,0.0,-0.014606102011383251,0.01605404767826021,-0.0594938456288804,-1.048547834548459,-0.11089602491191433,0.13981465154331385,-0.5020133067784533,-0.5260829740620399,-0.22841051572587726,0.46984624287223326,0.35903226808940947,0.0,0.23086825961731913,0.4458987935665292,0.2829504187712106,0.3193845306318679,0.049043603786499114,0.24602877717623306,0.3423399753262454,0.33087140918791513,0.06814202124852312,-0.05305785675234888,0.22984327613358374,-0.02431179214890946,0.07433313520818897,-0.16975388827768562,0.17015535696235523,0.8079946287262214,0.03656144015774765,-0.093322196659691,0.04726669233068336,0.02611845484609448,0.0879449321246091,-0.22178930354019893,-0.0907837969206736,-0.24578761443304625,-0.0509919618387058,-0.03049534651118762,0.3071634447056739,0.00020384507290464908,0.00011354556955955639,0.0,-0.00019380095513399598,-0.00035382160353996647,0.0,0.3397732514210389,0.0,0.34452307126809356,0.17461750598537668
-0.016264496525941217,0.0,-0.005067446096711268,0.03581326822179766,-0.00036088790910541904,-1.0258758947999378,-0.29837439208010735,0.34282326117638356,-1.5757576687589059,-0.11298493922312937,-0.14304018709883545,0.44873881368323343,0.39739001198351936,0.0,0.25530116346538756,0.4031125406134634,0.32560860743831577,0.3230601695770008,0.040512173112791705,0.2422577309155216,0.3387762821377354,0.3150357968751983,0.08126609176629715,-0.19437548684486025,-0.0518282814913381,-0.017119931541744234,0.0804530380926923,-0.18936334914281086,-0.1578476603283062,0.9117179684615672,-0.1904654659381623,-0.13751096504326307,0.07091053107398469,0.05495553916950218,-0.005592900809151713,-0.1403590634306581,-0.25249152742226283,-0.1430154128169401,0.07423059727401078,-0.01495792837120311,-0.32167581037441534,8.66008354332465e-05,0.00010840850906214581,0.0,-0.0004718004127435587,-0.0004612770599687706,0.0,0.30596112708984663,0.0,0.3526994585831404,0.19276636300094097
0.004207043042982685,0.0,0.007175064737551608,0.0010614699456769738,-0.08131307282109812,-1.7612213786786517,-0.6234346652272023,0.08068850367670932,-0.35570148998228857,-0.2325820605895898,-0.4978834727020259,0.28991950161751573,0.18985937649357665,0.0,0.17700690339996725,0.2907048291473254,0.22052978828710545,0.21732857440783696,0.034743352832986345,0.1723490158018867,0.25653613879300474,0.2716476257045197,0.06713877538859934,-0.4393747404126543,0.045201865269613666,-0.27706876808016556,-0.061550401555445805,-0.12877408834994306,-0.12831749575758078,1.1336421753518868,3.0995410666684617,-0.15007939793968358,0.02152428454309258,0.03465861126073001,-0.01107008797538773,-0.1811129285204226,-0.11152272967416352,-0.05057528687806823,0.05649588480440309,0.02310716858774705,0.2770471420457385,-4.527112912727714e-05,4.4523242536127365e-05,0.0,-0.0001551030433821182,-0.00034980064863085556,0.0,0.25744773130909593,0.0,0.22034667665015573,0.1072318905840214
-0.01020839154473092,0.0,0.027756284262728956,0.037638677404576965,-0.010631738506166291,-0.5235498210626233,-0.008958917761599669,0.06634795618314097,-1.757756317208789,0.14719714789714966,0.24195323330710536,-0.2884791738161798,-0.2564034259936429,0.0,-0.1521074522851045,-0.2988586493419023,-0.2736472870542574,-0.23458860478620314,-0.04545639572186598,-0.20887290924164187,-0.27960908223743763,-0.26100697706656906,-0.11306229570867318,-0.0503018749057562,-0.27307913135290335,-0.02930840427261725,-0.12550778486363612,-0.21841699744978385,0.09441977223393459,-0.9267886145691192,-2.229827268123674,0.2817574097198544,-0.016593092961017807,0.006995480460799469,0.03875449152034873,-0.20279457078957705,0.869077631034876,0.18628738427291167,-0.037140396968321415,0.3795493098858911,0.10348178094919626,-0.00044490928811263423,0.00024036715209025013,0.0,-0.00040793193638998903,-0.0017021531526808988,0.0,-0.3008187950282406,0.0,-0.2800490931572651,-0.11610653208988578
0.00220953772696002,0.0,-0.0014421020837333386,0.010582663735404998,-0.10268587917002885,-1.7386422469064486,-0.6652278669975579,0.13778804098962052,-2.3506913193230767,0.3135549976198984,-0.29899420269096316,0.32332212823765316,0.2074004966633943,0.0,0.1585889608517004,0.28752263355138313,0.2621749154386197,0.22194880436026782,0.04411883117462066,0.17907196883697743,0.2725466632560191,0.27093429071889064,0.16987226287405963,-0.037820677777893094,0.002165923042867949,-0.3739466487924967,-0.27279216980335463,0.5657168110067617,-0.18207087526464885,1.0113495996939326,3.1271119072921962,-0.16000587373512112,0.05449298239269522,0.04780195646880954,-0.08986609441259988,-0.179332450033323,-0.091913160368307,-0.1907608881241553,-0.029945847859688565,-0.07047297932511055,0.2736378214102549,2.6956102641643033e-06,6.428176368366922e-05,0.0,-0.00018538401811723235,-0.0004885611231272421,0.0,0.2778536772720585,0.0,0.2696311345980131,0.12765806621886716
-0.010350256938230686,0.0,0.0015822693616133043,0.048099262065523986,-0.033368012569860946,-0.9493558343583348,-0.28709028615095067,0.2972805716434233,-2.0111543903141533,-0.5083969792017248,-0.1790947875144749,0.4047838648418475,0.3726976977821608,0.0,0.21790661369642372,0.36054403550825354,0.32664510804918306,0.2907846545358671,0.04549998089772821,0.23559722664116015,0.3001106071790463,0.32637099810098413,0.14434587030474436,0.11883573073403929,-0.21989268820884014,0.0242949923008264,0.07946980096125791,0.38194796391342867,-0.15783914991567113,0.8479394098193807,0.031024128380745246,-0.4649279933326748,0.07334036030180661,0.05070973716774385,0.05754395852595619,-0.10208960602710018,-0.26058770503081946,-0.25636161823985576,-0.039878768424026365,-0.021025122348659515,-0.32603107433253875,-3.049431496355095e-05,0.00011354556955955639,0.0,-0.00030823944401428863,-0.0004898510388436402,0.0,0.2819466864160595,0.0,0.3060168347252586,0.1838369580248872
0.0007235823905844061,0.0,-0.012438754889414176,-0.011350580607071841,-0.06605297214438266,-1.3224639252596893,-0.3932610346175288,0.10191009262089731,-0.2537865488710485,-0.051289159776990834,-0.2733869552743012,-0.22057388394142236,-0.09857255400165388,0.0,-0.09557592055679479,-0.178292011144725,-0.1912076688366856,-0.19729575690234016,-0.07348060929452672,-0.1558188865751838,-0.3119761218736744,-0.19221928596994375,-0.06147678622502284,-0.2960735732426623,-0.3076638351355886,-0.19960046583276084,-0.12421929107721046,-0.15610786904163912,0.20886085781963223,1.1008661512716582,5.271625813773072,0.3173782370167641,0.005470172557917851,0.010054290311829674,0.004575547597010091,-0.20931073105134088,0.8337003978083526,0.7039880742523823,0.002480447083460513,-0.027997435250057566,1.4095204893936355,-9.074052723784461e-05,5.1274091813167363e-05,0.0,-0.00013685322333162754,-0.00040321340623216854,0.0,-0.19247233092036206,0.0,-0.19714727006538643,-0.08752595199013889
0.0007101324052379439,0.0,0.023837693043089796,0.04930377638133606,0.11482881538195679,3.6580195644039684,0.9982492837413016,0.42730560149038305,-1.992206830475619,1.0582838669209647,0.6424838460749932,0.26873448890318596,0.20522242965241194,0.0,0.17559525596901415,0.291028426278576,0.3007022838093683,0.2769347980825089,0.03759505833876212,0.16996106929492114,0.21295732227223282,0.268265981765946,0.3082901118372338,-0.19940513163426665,-0.18850816240220378,-0.07142670258093164,0.10745302297965097,0.7284343685673043,0.031045806903452197,1.4551132670508289,5.869830173614811,0.13043934603544374,0.06874122789947154,0.07904644788894401,0.041235427467643,0.1434070162565769,0.23689814576363027,-0.07820131955863038,-0.06422228160925608,0.06844408775138809,-0.6406300260020783,2.3582621082582193e-05,3.523817081276263e-05,0.0,-0.00013531505198656992,-0.00042778294930731237,0.0,0.2548561171368865,0.0,0.2806955708668838,0.1330570655138983
0.0014777616006508957,0.0,0.016304923882582333,0.03970201339269225,-0.005392999508404043,-0.5926311614041848,0.5587012492122131,0.019443677666733307,-1.6283922347137467,0.164447951540096,-0.07302801386248328,-0.33517033525929657,-0.23710050731127694,0.0,-0.15677479129947297,-0.3457430739282859,-0.28430161349769445,-0.20645006338982913,-0.04021847832867778,-0.1955512360349618,-0.2746079781619582,-0.23572594755873427,-0.07327702636475265,-0.03490183563678843,-0.15496545756893698,-0.041483739716818,0.06789096247862246,-0.12453770874872962,0.07832165333191028,-0.9518191666331025,-2.7800272661805128,-0.1423889295340029,-0.024883982151864607,0.017784106150537566,0.058246163000453655,-0.22520618777721563,-0.016593053013001447,-0.02162055779274371,-0.05164585071421815,-0.040527144907927755,0.12033100306164783,0.00021022400526637215,0.0003266828085871441,0.0,-0.00031908354198096787,-0.0015372023533527079,0.0,-0.262274949621846,0.0,-0.2654439890446303,-0.13934046860773955
-0.0008573562056182339,0.0,-0.05682539586577305,-0.10811208466828139,-0.027401764415897232,-0.6913822174940798,-0.35675795716314174,0.11683333593920209,-1.8216265924373185,-0.059080214481117714,-0.12688367686435748,-0.37156597358704696,-0.30346979055245465,0.0,-0.17131178032414707,-0.3629131256186623,-0.283056030891166,-0.22123294775915187,-0.08126555430990363,-0.2034603604210216,-0.28662137411416083,-0.30382056281991393,-0.09285789716368155,-0.03343563538835226,-0.15436146855531993,-0.20669277706177447,-0.19221006758443998,-0.20939119328074732,-0.08501013455941762,-0.20640244963959103,-1.339170704631502,0.04332322405409836,-0.094107702827613,0.06863590848570036,0.02097365218122347,-0.20852251369679214,-0.02494786607503835,0.06872000645403459,-0.0434188477098089,-0.06947521510284964,0.16106477092249083,4.8293252727629656e-05,8.352280610959243e-05,0.0,-0.0010275340349792752,-0.002611118045852226,0.0,-0.2873001604745434,0.0,-0.308316338775997,-0.1924312148761231
-0.0005648361912395664,0.0,0.02783417012807619,0.020755222419944597,-0.04360243466026823,-0.6179431113667583,-0.02929155367784702,0.033737984776235214,-1.4199997576082053,-0.04910694798010172,-0.1017454660364535,-0.3113964629194084,-0.2471857473687698,0.0,-0.14269502095727188,-0.32753055734697545,-0.28778874204711097,-0.18904137818722924,-0.04043889753016956,-0.19389293670118612,-0.2786318802154462,-0.2522932893073901,-0.05295569643994978,-0.045812760458754355,-0.17990136435868184,0.2934485407302892,0.07189103263008916,-0.13173067461648622,0.12990552242864806,-0.936650295783462,-2.223868273862111,0.049104922072932725,0.01248731715089016,0.0066191505590031076,0.04363621546421864,-0.22324352722863772,0.06211178335422934,0.07611147859434701,-0.08226524777254844,-0.038624536597606215,0.10680415766452013,-1.5979272356729784e-05,5.325462572575504e-05,0.0,-0.0002631565947072136,-0.0021918797713218223,0.0,-0.3029500979352109,0.0,-0.2963726989286351,-0.147669928546429
-0.0019081961498774189,0.0,0.02460936102521516,0.040537847790175836,-0.013670924475393772,-0.6629738227243706,0.414273323790968,0.0799412383348912,-1.5203697755288628,0.15075646051041697,0.36510530224197896,0.41136919685136514,0.38592847151043097,0.0,0.23819983131633504,0.4055570084232384,0.402450279638971,0.2716814093617271,0.05072616553539107,0.2519892726117959,0.37147646629851105,0.36283980621269135,-0.05985553077333749,-0.11780540858682331,-0.46807461885243756,-0.06932987340737587,0.07907492359494273,-0.19327104631701708,-0.1626955342730723,-0.7933497049330718,-2.764273604026754,-0.15065327562643765,-0.10140499105676871,0.010712381216283963,-0.002434479788157649,-0.1498729629708188,0.01689512313138449,-0.15594741349661892,-0.09763087493494318,-0.016499873698101748,-0.3399918717216531,-0.0034090542272601117,-8.99427203832707e-05,0.0,0.0024066887016697376,-0.001352942277131178,0.0,0.36298225500737397,0.0,0.40034816256852207,0.2049430544693087
0.003863731999516517,0.0,0.028586307136180975,0.02731743993634407,0.0033103566236567317,-0.6099239173403354,0.05400886009986144,0.09876336715211291,-1.4371526333299098,0.17072904848456377,0.22241660964626667,0.4577522315473893,0.422724018623398,0.0,0.25797863269314275,0.433086460837754,0.42803909122022477,0.27630687293697326,0.038429649182135234,0.2479510345031812,0.43101021899258063,0.3700472581747982,-0.04894123732389882,-0.004965126170871475,-0.4148564373652623,-0.07081088851656034,-0.02327589609135174,-0.16770684460938548,0.3263082906405822,-0.6628551193486775,-2.201419754083164,-0.3649493080807176,-0.11311843195035355,0.02241128326422146,0.00924413729513498,-0.09501351294494008,-0.021425086037746864,-0.0773368390480736,0.12092202107157621,-0.01797806880123355,-0.3544671447682672,0.00022683997009822262,0.00035389351502813373,0.0,-0.0002630397711152739,-0.0006093968915902399,0.0,0.40936072020250425,0.0,0.41993671998434057,0.2335223263842675
-0.003521777610298423,0.0,0.01942174219861388,0.043658960311499045,-0.002486686227788788,-1.5799662309184237,-0.4300783837435526,0.12181322096938271,-1.6268477265873746,-0.1083576718715749,-0.2155543046612013,0.2895024863791521,0.21246519581020376,0.0,0.19944582966367305,0.3112802471777531,0.23753650889715033,0.23697761814376783,0.037112915265435024,0.1808510157954848,0.2635960883109918,0.26691636306392763,0.113169444300436,-0.07291197688655572,0.057361796373635976,0.12955403044460784,0.06322797157920372,-0.22601605274782063,-0.16888021480840915,0.8642455105235892,3.5133728770434334,0.15663171310258,0.049537531404241296,0.05324848245464153,0.05030873748708367,-0.13781449203362764,-0.08751026801379931,-0.18982281143459173,-0.014959970782629568,-0.04799170718177495,-0.19854812593194218,0.0001099080421175483,6.941882418107977e-05,0.0,-0.00020638665416294026,-0.00037080091671918295,0.0,0.25691649125551574,0.0,0.28272781751105946,0.12580099106771667
0.0028836594684503777,0.0,0.03036931026210366,0.04213594546353279,-0.07892069817418612,-1.2979891267715913,1.313316392278919,0.17308443488625866,-2.0244667913055947,0.6730278258901711,0.9165921782715163,0.3316810269413541,0.1958132456311823,0.0,0.18269730011940746,0.30174910909210795,0.302905059062521,0.2639643841233401,0.03820549120396736,0.2134316661123872,0.29228454698906264,0.27252213765312067,0.224763313544732,-0.0759076749281181,0.41679574077829856,0.16405515535580986,-0.01115176925217657,0.24138005087363626,-0.19627623103978925,1.3207202860375697,5.734824318189851,0.44062206252514713,0.08644671166924699,0.05487508649861752,0.06749575256814229,-0.14668422060031405,0.1489054358773562,0.19331366154112198,0.045374852147721585,-0.022154861223472745,-0.19574964587662963,6.517522683202934e-05,9.913471751203293e-05,0.0,-0.00025673208761106073,-0.0003297428095341147,0.0,0.28543589609757375,0.0,0.30205619391302035,0.13611966022351418
0.0007683596548706429,0.0,0.028879449307795485,0.022922061050415766,-0.06230825879941928,2.3667435120386693,0.4619334720784692,-0.3845728143879518,-1.415400958831131,0.36920451164078755,0.4255422414904857,0.3589151071314333,0.2697840154716781,0.0,0.23552398300641575,0.35922612397361897,0.3461634709802682,0.3413392675414115,0.05775399153092128,0.22833631410383554,0.3189829477979903,0.3084923447188266,0.009387228284141997,-0.026536390836324714,-0.1659328554488187,0.10559153489965353,0.05838047148296537,-0.23085995742518653,0.1877250811835785,0.8787190011653793,-0.3635296699525467,0.1893326052216487,0.1132563053007597,0.0644870777477622,0.03309240583416947,3.2530334402186094,0.06522722476148818,0.16357512886286013,0.06300127815916705,-0.029502016551248886,-0.4030425193223721,0.0023657204341259713,6.602090697788973e-05,0.0,-0.0001906519183506187,0.002970590175948388,0.0,0.25910297016155937,0.0,0.34667138173198053,0.2039979420440579
-0.0019335991465512545,0.0,0.029107029598575695,0.023857049807381292,-0.002976971201692236,-0.6428791279237351,-0.13709471694133504,0.0980348914349123,-1.4219188060666839,0.16188113820879235,0.37032879650614725,0.46973124238776753,0.4274936885596405,0.0,0.22755921480447455,0.42022964375465444,0.44168597027443407,0.3024960599620743,0.04743089073056811,0.24010607307704773,0.38742212338912313,0.332119858581784,-0.044220875261232834,-0.1855033725232942,-0.4090871392290737,0.047868743018280854,0.017084999362179706,-0.1503240709273223,-0.03985299623168157,-0.6889409324100392,-2.341728200957836,-0.39677921855522325,-0.11661193174934348,0.008325118433294235,-0.004279404258411245,-0.13181334376849618,0.035951982659785095,-0.06862975908903833,-0.009849868661249827,-0.009596631721441014,-0.20739603244518995,-0.004830676095847075,0.000163728940126456,0.0,-0.00036776984206784297,-0.0011882509983843902,0.0,0.40428510953234237,0.0,0.4417330876859146,0.24502280311109473
0.0011073396565569951,0.0,-0.025214895677306483,-0.059175119827282095,0.13351800798649813,1.5656009268307536,0.38355759656792493,-0.04244438061829215,14.947216391378847,0.25086591119060936,0.7384014911001691,-0.26584595781000075,-0.2407209162996185,0.0,-0.11522175017987739,-0.3848161539778264,-0.20500680472262509,-0.20123215410462078,-0.08896721174272965,-0.12199083740293519,-0.2723651713038605,-0.24790580529828002,-0.12827292324994935,-0.2744617051705245,-0.04222973466335847,-0.38045881643588103,-0.17979579515386782,-1.560340227867825,0.05853958680665405,-0.4583685329320012,-2.198902280459927,0.018605006976015238,-0.18926651070265507,0.05960702454007845,-0.3942907643247552,-0.17467047409326575,-0.20183264814661278,0.09838844754215763,-0.20981267405584203,0.006192583247747634,0.1553339676553595,3.259094208568874e-05,7.316907670643633e-05,0.0,-0.00017382917911236716,-0.0008620646728557185,0.0,-0.2766874148655547,0.0,-0.19780706578663776,-0.12049987828771029
0.0021905361504512594,0.0,0.019378822975207082,0.02889107349513361,-0.014619740912423865,-0.5610308088091139,0.06876766583879759,0.06639922073579947,-1.4226142979923955,-0.0419495760980913,0.06581216881894932,-0.3183855778057889,-0.23267442131259286,0.0,-0.13180131410288515,-0.31369568915297735,-0.29105523080910445,-0.19677494011870725,-0.04185575020609005,-0.1958663861847806,-0.2585748554207022,-0.24537654050962746,-0.09201774027587437,-0.013220463410284414,-0.1567068543735918,-0.039036692604535746,0.06895052145328524,-0.12227600509756868,0.11076229521094648,-0.825090628484169,-2.4057568696687213,-0.21941532419426454,0.02795991294100817,0.01037603426696461,0.062434997680988674,-0.21857666814403087,-0.1354050002108926,-0.0640501139292677,-0.06817916527601774,-0.041320706202777266,0.1847355324519239,-6.017640455320978e-05,0.0016596962853304019,0.0,-0.00031908354198096787,-0.002029284428866331,0.0,-0.2814744140919172,0.0,-0.2750792041903709,-0.1386628351852966
0.00430245735239331,0.0,0.014323223908864426,0.058055883239393785,-0.05188577564076702,-1.7177355547197881,-0.543052904003388,0.06681801030077884,-2.1641289493564986,0.3803687473385643,-0.03549420478239271,0.3322546860096378,0.2457840797234358,0.0,0.19709341101045363,0.31255746899210307,0.27897543381494033,0.2555301765443449,0.040172387782342875,0.19940742917074183,0.2815687918974383,0.27129468439807986,0.07882012738599553,-0.07073908659226862,0.22174990558891877,-0.23615532445227796,0.24802811358813642,0.5035058652177351,0.3080252174204221,0.94690838903628,3.4375268390419156,0.12499131100389767,0.07230655535549015,0.042079989476149,0.06486238761688037,-0.15538336398497518,0.11554065245006352,0.06002123320916302,-0.03601889858692593,0.02671863005113326,0.12414146176763449,-4.7490715141855586e-05,3.668493980529713e-05,0.0,-0.00019815480664822166,-0.00038287660265707007,0.0,0.2727154539451839,0.0,0.28681470824607275,0.12597046669114606
-0.006003397335926283,0.0,0.014242092908713212,0.02612637757756427,-0.030017765423868553,-0.5781156494701261,-0.35823002255191344,0.015297131407561221,-1.7538473986175245,0.15734755683386994,0.25161254629762025,-0.36288398685669504,-0.2729561173414635,0.0,-0.16925088117840476,-0.318840919493135,-0.25429560535838935,-0.251380409706082,-0.04841147763438697,-0.20625165076528193,-0.2903409139157049,-0.272115016314097,-0.08107692807795937,-0.08763236083309965,-0.25308672377105584,-0.061963422451587244,-0.09906515611943552,-0.32305790424318664,0.2113585837250947,-0.9272558981607336,-2.778440139010999,-0.22448786408073915,0.01640373357869442,-0.00013231917922345692,0.03450037678849504,-0.2085488900631758,-0.17344128665670708,-0.15524523412221433,0.03687083641615067,0.0025483704488030445,0.08062387494882532,-0.0012235950117417062,0.0002664809649318092,0.0,-0.0007741085190511044,-0.00371235064025724,0.0,-0.3307018291630267,0.0,-0.30219062462376445,-0.15471500576516733
0.0008673484161366867,0.0,0.0033138665824360126,-0.06258962602755348,0.14413094737176005,0.9081143881808682,-0.24712075627938676,-0.054728188867712135,14.775797443889898,0.18846150369700082,-0.2986776141064265,-0.23663761276606482,-0.21240103966299556,0.0,-0.10573449879972903,-0.34796691454565865,-0.20315200648259632,-0.14738777667155809,-0.08848648931875937,-0.16854740968854046,-0.20445027844331568,-0.22560765456204288,-0.12918626028432342,-0.32984323566969825,-0.2659999913590284,-0.3932446889335832,-0.1271652895599831,-1.74676875520495,0.10811172452387457,-0.836547993218344,-2.05799529178212,-0.12165386266361623,-0.19074461903139775,0.0676213357197038,-0.4204736638287159,-0.17758928591881268,-0.1460399197509381,0.11481161449659011,-0.2938917034570948,0.05025740485728837,0.21903222399178923,-8.225266293699733e-05,5.970223522696447e-05,0.0,-0.00037970942151615704,-0.0007456538600785546,0.0,-0.2591118633623429,0.0,-0.16971681583351475,-0.11720242874282467
0.005492461327337979,0.0,0.03718491097248589,0.04221391161629151,-0.04337442517386676,-1.4366946050374982,1.8801788569823257,0.12105277970911861,-1.9559112217264476,0.25000751987391784,-0.11543732151620954,0.3328788072758918,0.19715565054796644,0.0,0.1827800542057615,0.2547110953448532,0.2795106848417546,0.22828568222614093,0.03735785116755861,0.1839241691625363,0.2746905190935795,0.2778222185811707,-0.028376562688888777,0.30772617986804535,0.05389978957788778,0.21546277550470452,0.046499477783843036,0.3590134836024026,-0.15088314095949992,1.1848712748503325,5.904995526982919,0.9157223419759792,0.06876252630076157,0.03454050158174896,0.05227826202081662,-0.1286544266025905,0.4208757588484566,0.3177900061346298,0.03525690759020976,0.08083634852936682,-0.242747796429989,-2.4507578980756108e-05,5.117118428747718e-05,0.0,-0.00017823001836931543,-0.00031523343666394876,0.0,0.259047208139083,0.0,0.3004259111472815,0.12027757127969957
-0.0024376738588351324,0.0,0.003923273169812537,0.017616541548363708,-0.036840083373324645,-0.6150517385680853,-0.04736129959246905,0.14570493229964485,-1.874176784569949,0.09607983670964929,-0.10094721511638605,-0.32295281546382176,-0.27906174778991855,0.0,-0.1396251999951654,-0.3572171975119704,-0.2821977849431955,-0.2150295057916553,-0.08323676710520565,-0.21436390261085372,-0.27338725903156436,-0.2664056593388877,-0.064303640960465,0.1599630420809947,-0.1941397228662861,0.0016128627846703969,0.06478072923068337,-0.11149703125673711,0.06034953191324791,-0.8946003452035349,-2.4122306895045846,0.03435902486090399,0.01736046968665155,-0.0035735829784092773,0.029287080699541074,-0.21184163902637443,0.31438309400229664,0.05865160861001584,0.045005386466556906,-0.00415231949601261,0.18676972830336697,0.000524249756092228,8.005583308800851e-05,0.0,-0.0014445336120080512,-0.0026072074075867845,0.0,-0.3143570399021535,0.0,-0.29736210611676905,-0.1720582473777278
